id,timestamp,likesCount,postUrl,commentUrl,source_file,ownerUsername,text
18148534591505673,2026-05-15T10:12:08+00:00,432,https://www.instagram.com/reel/DYWnJzzpojp/,https://www.instagram.com/reel/DYWnJzzpojp/?comment_id=18148534591505673,scraping_instagram,arthur_alexander24,"1 juta orang terbantu oleh program ini, tapi ekonomi 1 negara juga ancur karena program ini"
17914711797372041,2026-05-16T02:48:17+00:00,0,https://www.instagram.com/reel/DYWnJzzpojp/,https://www.instagram.com/reel/DYWnJzzpojp/?comment_id=17914711797372041,scraping_instagram,sn_ainingsih,Relawan yg digaji
18099395930012970,2026-05-15T09:14:00+00:00,6,https://www.instagram.com/reel/DYWnJzzpojp/,https://www.instagram.com/reel/DYWnJzzpojp/?comment_id=18099395930012970,scraping_instagram,wildannurjihan,Semangat Para Pejuang Untuk Keluarga 🙏
18095953316331431,2026-05-15T16:24:13+00:00,76,https://www.instagram.com/reel/DYWnJzzpojp/,https://www.instagram.com/reel/DYWnJzzpojp/?comment_id=18095953316331431,scraping_instagram,indah_intuisi,"Tolong ganti sebutannya,jgn relawan,relawan itu tanpa pamrih g dibayar gpp,dibayarpun seridhonya,kalo ini ma udah kerjaan pasti,pasti nerima gaji,mana lbh gede dari buruh dan guru honorer lagi,ga tepat disebut relawan 🙏🏻"
18161254456444024,2026-05-16T00:34:33+00:00,0,https://www.instagram.com/reel/DYWnJzzpojp/,https://www.instagram.com/reel/DYWnJzzpojp/?comment_id=18161254456444024,scraping_instagram,rendrayanideva,Arti relawan udh ganti ya?
17930324865274593,2026-05-16T06:39:30+00:00,3,https://www.instagram.com/reel/DYWnJzzpojp/,https://www.instagram.com/reel/DYWnJzzpojp/?comment_id=17930324865274593,scraping_instagram,isydisi_,"Menurut aku ya, program ini ngebantu banget buat keluarga menengah kebawah, terlepas dari katanya dana dikorup atau banyak yg keracunan dll ya namanya juga program baru pasti masih perlu pengembangan karna blm banyak pengalaman dilapangan tapi kan setidaknya bantu ngurangin beban ibu... yakah hayo lah.... Pulang2 anak udah terisi perutnya pasti ibu agak tenang. Belum lagi ngebuka lapangan kerja juga. Meski belum 19jt ya"
18112434980508309,2026-05-18T11:36:23+00:00,0,https://www.instagram.com/reel/DYWnJzzpojp/,https://www.instagram.com/reel/DYWnJzzpojp/?comment_id=18112434980508309,scraping_instagram,eltin_rabbiul_zanni,Relawan jg dibayar y?
18076625792241148,2026-05-15T14:20:24+00:00,1,https://www.instagram.com/reel/DYWnJzzpojp/,https://www.instagram.com/reel/DYWnJzzpojp/?comment_id=18076625792241148,scraping_instagram,havelinonico,"Semngat para pejuang rupiah, kalian luar biasa relawan ❤️🔥"
18069248336655294,2026-05-15T13:23:54+00:00,20,https://www.instagram.com/reel/DYWnJzzpojp/,https://www.instagram.com/reel/DYWnJzzpojp/?comment_id=18069248336655294,scraping_instagram,mira_dewdew317,😢😢😢 harapan aku juga sama kaya mbanya semoga program MBG ini terus berlanjut karna sangat membantu  perekonomian keluarga saya 🥹terimakasih pak presiden @prabowo sudah membuka lapangan kerja terimakasih @badangizinasional.ri
17944263360195819,2026-05-15T11:16:42+00:00,7,https://www.instagram.com/reel/DYWnJzzpojp/,https://www.instagram.com/reel/DYWnJzzpojp/?comment_id=17944263360195819,scraping_instagram,bu.gamis,amin semoga mbg bisa bertahan untuk selamanya
18095402717143170,2026-05-15T09:15:14+00:00,22,https://www.instagram.com/reel/DYWnJzzpojp/,https://www.instagram.com/reel/DYWnJzzpojp/?comment_id=18095402717143170,scraping_instagram,joni.agustino,"Pak maaf, kenapa hari Sabtu anak anak gak dapat mbg, sebagian daerah kan masih melakukan KBM di hari Sabtu, mereka masa gak dapat mbg, gizi nya dari mana nantinya,.mohon arahannya"
18183193681383605,2026-05-15T11:48:01+00:00,6,https://www.instagram.com/reel/DYWnJzzpojp/,https://www.instagram.com/reel/DYWnJzzpojp/?comment_id=18183193681383605,scraping_instagram,ingood.wetrust,"Terimakasih presiden @prabowo dan @badangizinasional.ri , tetap berkomitmen memberikan pelayanan yang berkualitas bagi anak anak bangsa 🔥🔥🔥"
18147368824494865,2026-05-15T08:59:42+00:00,1,https://www.instagram.com/reel/DYWnJzzpojp/,https://www.instagram.com/reel/DYWnJzzpojp/?comment_id=18147368824494865,scraping_instagram,arifdjono,"Yg bocil dapet makan gratis, yg kerja sudah dapet makan"
17889628821500316,2026-05-15T10:48:01+00:00,2,https://www.instagram.com/reel/DYWnJzzpojp/,https://www.instagram.com/reel/DYWnJzzpojp/?comment_id=17889628821500316,scraping_instagram,biyan.rizky,"Bisa ga ditelusuri sppg yg dibangun di komplek atau perumahan?? Minimal jgn mengganggu warga sekitar la kalo mau aktivitas, sudah berisik tdk ada parkiran,makan jalan umum pula"
18010539305893345,2026-05-15T17:17:45+00:00,31,https://www.instagram.com/reel/DYWnJzzpojp/,https://www.instagram.com/reel/DYWnJzzpojp/?comment_id=18010539305893345,scraping_instagram,mheearosalia,MBG baik ny di arahkan ke daerah2 terpencil dan sekolah2 utk kalangan menengah ke bawah agar lbh tepat sasaran!
17911817235201867,2026-05-16T01:05:35+00:00,0,https://www.instagram.com/reel/DYWnJzzpojp/,https://www.instagram.com/reel/DYWnJzzpojp/?comment_id=17911817235201867,scraping_instagram,nisaatelierr,Relawan mah ga nuntut digaji dong 😌
18119130346740328,2026-05-16T11:42:34+00:00,5,https://www.instagram.com/reel/DYWnJzzpojp/,https://www.instagram.com/reel/DYWnJzzpojp/?comment_id=18119130346740328,scraping_instagram,mch.rojul,"Anjaii, mau menyaingi drama indosiar:v"
18413346529198793,2026-05-15T14:49:33+00:00,2,https://www.instagram.com/reel/DYWnJzzpojp/,https://www.instagram.com/reel/DYWnJzzpojp/?comment_id=18413346529198793,scraping_instagram,hskiimmm,berapa persen SPPG di daerah 3TP? ga berani buka datanya yah pasti kwkwkwkwk
17947741584000145,2026-05-15T11:09:33+00:00,3,https://www.instagram.com/reel/DYWnJzzpojp/,https://www.instagram.com/reel/DYWnJzzpojp/?comment_id=17947741584000145,scraping_instagram,zaaah_0606,Pak adikku masuk sppg tapi di bola bola... Katanya masuknya tgl 26 april trus di bola lagi ke tgl 1 Mei trus di bola lagi ke tgl 17 Mei 😢
18089325371011961,2026-05-15T11:56:09+00:00,14,https://www.instagram.com/reel/DYWnJzzpojp/,https://www.instagram.com/reel/DYWnJzzpojp/?comment_id=18089325371011961,scraping_instagram,muhamad_anhar_sh,Kenapa ga sistemnya dirubah sebagai karyawan SPPG bukan relawan? Demi perlindungan pekerja dan mendapatkan penghasilan yg sesuai
17924234904123457,2026-05-15T16:53:51+00:00,9,https://www.instagram.com/reel/DYWnJzzpojp/,https://www.instagram.com/reel/DYWnJzzpojp/?comment_id=17924234904123457,scraping_instagram,sppg_cibingbin01,"Terima kasih banyak sudah membagikan kisah inspiratif Kak Rosita 🙏 Kami dari SPPG Purwakarta Bojong Cibingbin 01 ( @sppg_cibingbin01 ) turut bersyukur dapat menjadi bagian dari program yang membawa manfaat bagi masyarakat dan anak-anak Indonesia. Semoga upaya bersama ini terus memberikan kebaikan dan kebermanfaatan bagi banyak keluarga, serta menjadi wujud perhatian dan kepedulian Bapak Presiden Prabowo terhadap kesejahteraan masyarakat 😊 amiin…"
18118658344736078,2026-05-16T09:41:02+00:00,1,https://www.instagram.com/reel/DYWnJzzpojp/,https://www.instagram.com/reel/DYWnJzzpojp/?comment_id=18118658344736078,scraping_instagram,refa.___,BEBAN 1 INDONESIA
18160872220452539,2026-05-15T12:42:40+00:00,2,https://www.instagram.com/reel/DYWnJzzpojp/,https://www.instagram.com/reel/DYWnJzzpojp/?comment_id=18160872220452539,scraping_instagram,zheelgyzack,"@badangizinasional.ri memang boleh ya dapur dilingkungan kampung kita tapi yg bekerja banyak dari luar kampung dan bawaan KA?? Jika mau detail SPPG nya nt sy dm, sy mw nya warga sekitar yg di utamakan. Mksh"
18105558925751186,2026-05-15T15:33:37+00:00,110,https://www.instagram.com/reel/DYWnJzzpojp/,https://www.instagram.com/reel/DYWnJzzpojp/?comment_id=18105558925751186,scraping_instagram,kebeeeeeee,Jual kesedihan emang paling laku
17889011184522298,2026-05-15T14:58:16+00:00,85,https://www.instagram.com/reel/DYWnJzzpojp/,https://www.instagram.com/reel/DYWnJzzpojp/?comment_id=17889011184522298,scraping_instagram,anangmruff,"1 ekonomi terbantu ,,1 negara defisit Indonesia emas apanya wkwk"
18308401462302596,2026-05-16T11:27:51+00:00,3,https://www.instagram.com/reel/DYWnJzzpojp/,https://www.instagram.com/reel/DYWnJzzpojp/?comment_id=18308401462302596,scraping_instagram,thaa_ckp,Mbg itu uangnya darimana ya??? Masa anak² libur sekolah & ga dapat mbg tapi relewan tetep digaji normal ..ini program mbg tuh sebenernya buat anak² atau buat memakmurkan relawan mbg sih?
18065807018401616,2026-05-19T13:40:27+00:00,1,https://www.instagram.com/reel/DYWnJzzpojp/,https://www.instagram.com/reel/DYWnJzzpojp/?comment_id=18065807018401616,scraping_instagram,muhammad_maknun09,"Tolong hentikan mbg bikin defisit anggaran 😢 dan hentikan kopdes suatu saat pasti bangkrut tu koperasi,, dan banyak mark-up korup di dalamnya"
18077319446649007,2026-05-16T11:20:08+00:00,2,https://www.instagram.com/reel/DYWnJzzpojp/,https://www.instagram.com/reel/DYWnJzzpojp/?comment_id=18077319446649007,scraping_instagram,ciaraaa_027,Sudah jelas kan bukan relawan tapi karyawan yg digaji.
18086728985630839,2026-05-15T11:17:03+00:00,6,https://www.instagram.com/reel/DYWnJzzpojp/,https://www.instagram.com/reel/DYWnJzzpojp/?comment_id=18086728985630839,scraping_instagram,adithia_ramadhani.098,Ga usah terlalu sukarela buat negara yg sukakorupsi
17889013029522307,2026-05-15T14:54:38+00:00,17,https://www.instagram.com/reel/DYWnJzzpojp/,https://www.instagram.com/reel/DYWnJzzpojp/?comment_id=17889013029522307,scraping_instagram,tooshie_daine,"Waaawwww anggaran untuk jasa pengelolaan opini publik udah cair yah😍😍

Banyak bgt buzzer kamu MBG 😍😍😍 NAJIS BGT BACAINNYA😍"
17866554480545888,2026-05-15T15:51:53+00:00,10,https://www.instagram.com/reel/DYWnJzzpojp/,https://www.instagram.com/reel/DYWnJzzpojp/?comment_id=17866554480545888,scraping_instagram,bedegul08,Halah di tempat saya gara2 ada mbg kasihan sama ibu2 yg sudah umur paruh baya tadinya tidak ada mbg anak2 pada beli nasi kuning di warung ibu tersebut dan ibu tersebut penghidupan sehari hanya berjualan nasi kuning di sekolah pas ada mbg nasi kuning nya gak laku dan seminggu sekali sppg dapur nya juga bikin menu nasi kuning parahnya lagi ibu tersebut ngelamar kerja di dapur nya di tolak dengan alesan umur yg muda2 yang dapat di Terima  manah program yg bisa membantu rakyat kecil preetlah semua cuma bisnis belaka dan rakyat kecil jadi korban nya saja @prabowo coba bapak liat dampaknya harusnya orang-orang yg tadinya penghidupan nya dari jualan di sekolah bisa di berdayakan untuk jadi relawan mbg nya agar ekonomi penghasilan mereka tidak terputus
17878756344597827,2026-05-15T22:38:33+00:00,9,https://www.instagram.com/reel/DYWnJzzpojp/,https://www.instagram.com/reel/DYWnJzzpojp/?comment_id=17878756344597827,scraping_instagram,enricoo_88,"Lebih dari 30 ribu anak dan guru menjadi korban keracunan MBG (@mbg.watch @surveillance.mbg). Namun BGN tidak juga menerapkan sanksi tegas dgn konsekuensi hukum mengikat. Tidak ada satupun terdakwa maupun tersangka dalam kasus keracunan MBG. Justru SPPG bermasalah hanya disuspend/diberhentikan sementara (tidak diputus kontrak banper) dan tetap mendapatkan insentif 6jt/hr. Lalu bagaimana mau memberikan efek jera dan implementasi lbh ketat? Kalau markup anggaran, manipulasi nota belanja, serta setoran upeti utk meloloskan dapur tidak layak operasional dianggap wajar oleh internal BGN. Akibatnya bahan baku rusak dan proses olah makanan tidak patuh SOP selalu terulang."
18055909406502111,2026-05-15T23:34:10+00:00,0,https://www.instagram.com/reel/DYWnJzzpojp/,https://www.instagram.com/reel/DYWnJzzpojp/?comment_id=18055909406502111,scraping_instagram,tetysobari,"Jgn pake nama relawan lah.. Relawan gak dibayar, kalian dibayar dgn gaji yg jauh lebih besar dari guru honorer yg mengabdi mencerdaskan bangsa"
18466679485100716,2026-05-16T00:58:40+00:00,1,https://www.instagram.com/reel/DYWnJzzpojp/,https://www.instagram.com/reel/DYWnJzzpojp/?comment_id=18466679485100716,scraping_instagram,pedagang._kece,buzzer
18117467728683073,2026-05-15T20:00:18+00:00,9,https://www.instagram.com/reel/DYWnJzzpojp/,https://www.instagram.com/reel/DYWnJzzpojp/?comment_id=18117467728683073,scraping_instagram,arvian_vadikarahman,"Saya tidak menghujatmu buk, dan programnya gak salah kok, yang salah adalah pengusaha mbg dan antek” di dalam dan penyokongnya. Yang bikin programnya salah kaprah"
18082503458435045,2026-05-15T16:18:00+00:00,10,https://www.instagram.com/reel/DYWnJzzpojp/,https://www.instagram.com/reel/DYWnJzzpojp/?comment_id=18082503458435045,scraping_instagram,virgiawan40,"bajingan mergo setan MBG, harga² mundak kabeh"
17979459063001460,2026-05-21T17:04:39+00:00,1,https://www.instagram.com/reel/DYWnJzzpojp/,https://www.instagram.com/reel/DYWnJzzpojp/?comment_id=17979459063001460,scraping_instagram,ntuy._,"Boro-boro sedih gua liatnya, yg ada malah MUAK.!!!"
18138747634545662,2026-05-15T15:57:53+00:00,1,https://www.instagram.com/reel/DYWnJzzpojp/,https://www.instagram.com/reel/DYWnJzzpojp/?comment_id=18138747634545662,scraping_instagram,yoonhirata,"Iya bener ngebantu, tapi emang perlu MBG masuk Kampus dan Polisi?? Kan MBG (makan bergizi gratis) itu fokusnya buat anak anak . Inget fokusnya buat membantu gizi anak anak Indonesia bukan ngebantu kantong pejabat karna ada peluang pengadaan yg di adaadakan. Pengadaan seperti motor buat apa? Kenapa gak dialihkan tuk nambah menu makanan?? Kadang TOLOL kalian"
18090197477202725,2026-05-15T11:25:26+00:00,2,https://www.instagram.com/reel/DYWnJzzpojp/,https://www.instagram.com/reel/DYWnJzzpojp/?comment_id=18090197477202725,scraping_instagram,jurias1724__,Kabar korcam yg kena ToA gimana ya ???
17974531704031017,2026-05-15T12:15:49+00:00,1,https://www.instagram.com/reel/DYWnJzzpojp/,https://www.instagram.com/reel/DYWnJzzpojp/?comment_id=17974531704031017,scraping_instagram,masalif1996,#makananberacungratis  @prabowo kontol
17903784315425448,2026-05-25T02:41:43+00:00,0,https://www.instagram.com/reel/DYWnJzzpojp/,https://www.instagram.com/reel/DYWnJzzpojp/?comment_id=17903784315425448,scraping_instagram,dindavincha,menciptakan lapangan kerja bukan melulu jd relawan mbg..intinya mbg banyak yg tidak disetujui tapi pemerintah memaksakan kehendak..demi perut penguasa pejabat
18594251218050947,2026-05-24T21:49:27+00:00,0,https://www.instagram.com/reel/DYWnJzzpojp/,https://www.instagram.com/reel/DYWnJzzpojp/?comment_id=18594251218050947,scraping_instagram,yuli89305,Sya jga single mom mna nglamar ke mbg di bilang gda loker mulu
18049239878780337,2026-05-24T08:31:49+00:00,0,https://www.instagram.com/reel/DYWnJzzpojp/,https://www.instagram.com/reel/DYWnJzzpojp/?comment_id=18049239878780337,scraping_instagram,ucup96oficial,Seluruh rakyat indonesia sangat terbantu dengan ada nya mbg inj
18098181119334376,2026-05-24T07:29:50+00:00,0,https://www.instagram.com/reel/DYWnJzzpojp/,https://www.instagram.com/reel/DYWnJzzpojp/?comment_id=18098181119334376,scraping_instagram,nuraenis34,Tidak aminn👏👏
18126410194720950,2026-05-23T22:08:01+00:00,0,https://www.instagram.com/reel/DYWnJzzpojp/,https://www.instagram.com/reel/DYWnJzzpojp/?comment_id=18126410194720950,scraping_instagram,kangmasnul,"Pertanyaan saya, relawan adakah menerapkan S.O.P HOSEPITALITY, terutama cewek! Seluru MBG bagian masak,pemotongan,pemorsian, apa kah ada masih memakai perhiasan saat bekerja dan makai make up? , didalam SOP HOSEPITALITY, Dilarang keras"
18025085009653278,2026-05-23T12:46:10+00:00,0,https://www.instagram.com/reel/DYWnJzzpojp/,https://www.instagram.com/reel/DYWnJzzpojp/?comment_id=18025085009653278,scraping_instagram,sagita_dewi2012,Saya saja di pecat hanya krna membuat sttus di FB...sdngkan di juknis kpla sppg di larang memecat relawan.tapi ini seenak nya main pecat....pacar nya ajah sebagai aslap nggak bener krja nya.
17974250841018561,2026-05-23T08:10:16+00:00,0,https://www.instagram.com/reel/DYWnJzzpojp/,https://www.instagram.com/reel/DYWnJzzpojp/?comment_id=17974250841018561,scraping_instagram,rivalbagusandrean,"Gaji gede, mulai jual kesedihan.... Liat nohh guru HONORER"
17985211446004815,2026-05-23T06:06:48+00:00,0,https://www.instagram.com/reel/DYWnJzzpojp/,https://www.instagram.com/reel/DYWnJzzpojp/?comment_id=17985211446004815,scraping_instagram,_carl_jhonshon_,Nice acting sayang 😂
18134907994490134,2026-05-23T02:44:37+00:00,0,https://www.instagram.com/reel/DYWnJzzpojp/,https://www.instagram.com/reel/DYWnJzzpojp/?comment_id=18134907994490134,scraping_instagram,rizkisrsrsr,Karyawan bukan relawan
18584420833060942,2026-05-22T17:52:02+00:00,0,https://www.instagram.com/reel/DYWnJzzpojp/,https://www.instagram.com/reel/DYWnJzzpojp/?comment_id=18584420833060942,scraping_instagram,instedywidarma88,👏👏👏👏
18003814508875766,2026-05-22T10:48:22+00:00,0,https://www.instagram.com/reel/DYWnJzzpojp/,https://www.instagram.com/reel/DYWnJzzpojp/?comment_id=18003814508875766,scraping_instagram,qyqyaminullah,"MBG itu sebenarnya program paket komplit. Memang butuh pengawasan jeli dari pihak manapun baik BPK, KPK bahkan LSM selama itu OBJEKTIF"
18084083543632174,2026-05-22T07:42:05+00:00,0,https://www.instagram.com/reel/DYWnJzzpojp/,https://www.instagram.com/reel/DYWnJzzpojp/?comment_id=18084083543632174,scraping_instagram,green_mebel_recycle,Klau mengabdi bangsa guru lebih membutuhkan yg hanya gaji 300-500 sebulan
17862565863630555,2026-05-22T01:45:11+00:00,0,https://www.instagram.com/reel/DYWnJzzpojp/,https://www.instagram.com/reel/DYWnJzzpojp/?comment_id=17862565863630555,scraping_instagram,arysolighofur_,relawan??
17979459063001460,2026-05-21T17:04:39+00:00,1,https://www.instagram.com/reel/DYWnJzzpojp/,https://www.instagram.com/reel/DYWnJzzpojp/?comment_id=17979459063001460,scraping_instagram,ntuy._,"Boro-boro sedih gua liatnya, yg ada malah MUAK.!!!"
18589621870054222,2026-05-21T13:05:35+00:00,0,https://www.instagram.com/reel/DYWnJzzpojp/,https://www.instagram.com/reel/DYWnJzzpojp/?comment_id=18589621870054222,scraping_instagram,marettaaeu,Programnya bagus bisa membantu banyak orang akan tetapi lebih bagus kalau dijalankan secara amanah tidak di KORUPSI atau membuang anggaran untuk hal tidak penting!
17972463639026481,2026-05-21T10:27:58+00:00,0,https://www.instagram.com/reel/DYWnJzzpojp/,https://www.instagram.com/reel/DYWnJzzpojp/?comment_id=17972463639026481,scraping_instagram,elisunariyah_,❤️semangat❤️❤️
18107677610493081,2026-05-21T09:45:03+00:00,0,https://www.instagram.com/reel/DYWnJzzpojp/,https://www.instagram.com/reel/DYWnJzzpojp/?comment_id=18107677610493081,scraping_instagram,amelia.rahmadany,Alah preeeet palingan yang kerja di sanak sanak kerabat mereka
18055076927735699,2026-05-21T06:13:15+00:00,0,https://www.instagram.com/reel/DYWnJzzpojp/,https://www.instagram.com/reel/DYWnJzzpojp/?comment_id=18055076927735699,scraping_instagram,luluk9552,Gomball
18022615016838468,2026-05-21T02:28:08+00:00,0,https://www.instagram.com/reel/DYWnJzzpojp/,https://www.instagram.com/reel/DYWnJzzpojp/?comment_id=18022615016838468,scraping_instagram,r.depinaa_,wkwk
17903115981431967,2026-05-21T02:07:33+00:00,0,https://www.instagram.com/reel/DYWnJzzpojp/,https://www.instagram.com/reel/DYWnJzzpojp/?comment_id=17903115981431967,scraping_instagram,alanfritzs,😍😍😍😢
18151524736475238,2026-05-21T01:41:31+00:00,0,https://www.instagram.com/reel/DYWnJzzpojp/,https://www.instagram.com/reel/DYWnJzzpojp/?comment_id=18151524736475238,scraping_instagram,erwinsejagatgmail.com2,Ktanya klo mau melamar mbg harus ada orang dalam yaa.. Kerjaan bgini aj harus pke orang dlm juga duh... Pdhl sy pngen bgt melamar dri pihak RT-RW lurah sempat harus melalui tngan mereka biar ada uang pngajak...
18424876657193212,2026-05-20T22:47:48+00:00,0,https://www.instagram.com/reel/DYWnJzzpojp/,https://www.instagram.com/reel/DYWnJzzpojp/?comment_id=18424876657193212,scraping_instagram,alimato.lecturer,😍😍😍😍😍
18114503842633684,2026-05-20T22:43:22+00:00,0,https://www.instagram.com/reel/DYWnJzzpojp/,https://www.instagram.com/reel/DYWnJzzpojp/?comment_id=18114503842633684,scraping_instagram,elly_wim,"Please lah bukan relawan namanya, yg namanya relawan itu digaji sukarela. Ini tuh KARYAWAN"
18071767910318331,2026-05-20T14:22:37+00:00,0,https://www.instagram.com/reel/DYWnJzzpojp/,https://www.instagram.com/reel/DYWnJzzpojp/?comment_id=18071767910318331,scraping_instagram,bluesky349_,relawan mana yg digaji. tolong sebut karyawan atau buruh saja jgn relawan
18100268633035834,2026-05-20T11:51:05+00:00,0,https://www.instagram.com/reel/DYWnJzzpojp/,https://www.instagram.com/reel/DYWnJzzpojp/?comment_id=18100268633035834,scraping_instagram,tonny_ade,Seperti menutup sungai besar dan ekosistemnya mati semua dan hanya membuka got kecil dengan ekosistem kecil dan kotor😂
17873557242611728,2026-05-20T11:39:22+00:00,0,https://www.instagram.com/reel/DYWnJzzpojp/,https://www.instagram.com/reel/DYWnJzzpojp/?comment_id=17873557242611728,scraping_instagram,tahubaksotopping_pkl,Karyawan atau relawan?
18065807018401616,2026-05-19T13:40:27+00:00,1,https://www.instagram.com/reel/DYWnJzzpojp/,https://www.instagram.com/reel/DYWnJzzpojp/?comment_id=18065807018401616,scraping_instagram,muhammad_maknun09,"Tolong hentikan mbg bikin defisit anggaran 😢 dan hentikan kopdes suatu saat pasti bangkrut tu koperasi,, dan banyak mark-up korup di dalamnya"
17992668974963931,2026-05-19T13:08:09+00:00,0,https://www.instagram.com/reel/DYWnJzzpojp/,https://www.instagram.com/reel/DYWnJzzpojp/?comment_id=17992668974963931,scraping_instagram,venus.chn31,Waduhhhh drama lagi drama lagi 🙈
18109161886911535,2026-05-19T09:28:51+00:00,0,https://www.instagram.com/reel/DYWnJzzpojp/,https://www.instagram.com/reel/DYWnJzzpojp/?comment_id=18109161886911535,scraping_instagram,baiqliamataram85,😢😢😢😢😢😢😢😢😢
17990471582970530,2026-05-19T07:11:08+00:00,0,https://www.instagram.com/reel/DYWnJzzpojp/,https://www.instagram.com/reel/DYWnJzzpojp/?comment_id=17990471582970530,scraping_instagram,zalfaaz21,"TOLONG PETUNJUK DAN ARAHANNYA,,, BAGAIMANA PENGURUSAN DAPUR YANG BERSTATUS DI TOLAK PADA PORTAL, DAN INGIN DI LANJUT KE PENGURUSAN CENTANG BIRU NYA????"
18101327399051426,2026-05-19T06:51:22+00:00,0,https://www.instagram.com/reel/DYWnJzzpojp/,https://www.instagram.com/reel/DYWnJzzpojp/?comment_id=18101327399051426,scraping_instagram,puspajadul,Bukan relawan kan dia d bayar.
18109640239915054,2026-05-19T02:33:17+00:00,0,https://www.instagram.com/reel/DYWnJzzpojp/,https://www.instagram.com/reel/DYWnJzzpojp/?comment_id=18109640239915054,scraping_instagram,deddyariyanto84,Ngimna caranya bisa jadi relawan mbg ya
18121020337636950,2026-05-19T01:01:18+00:00,0,https://www.instagram.com/reel/DYWnJzzpojp/,https://www.instagram.com/reel/DYWnJzzpojp/?comment_id=18121020337636950,scraping_instagram,nafri_zal,1 ekonomi org terbantu...100an pejabat jadi lebih kayaaa
18084805337417742,2026-05-19T00:15:45+00:00,0,https://www.instagram.com/reel/DYWnJzzpojp/,https://www.instagram.com/reel/DYWnJzzpojp/?comment_id=18084805337417742,scraping_instagram,mario_kardana,Sy pribadi mendukung program ini bereserta SPPG atau dapur yg amanah .. tp sy akan menghujat dapur² yg tidak amanah dan menyebabkan keracunan pada anak² Indonesia atau penerima manfaat yg lain ... krn anak sy pernah menjadi korban keracunan di bandung barat...
17960316207067081,2026-05-18T22:53:20+00:00,0,https://www.instagram.com/reel/DYWnJzzpojp/,https://www.instagram.com/reel/DYWnJzzpojp/?comment_id=17960316207067081,scraping_instagram,faul__24,POKOKNYA HARUS DI HENTIKAN
17964954642074422,2026-05-18T21:04:32+00:00,0,https://www.instagram.com/reel/DYWnJzzpojp/,https://www.instagram.com/reel/DYWnJzzpojp/?comment_id=17964954642074422,scraping_instagram,jhonsamona_,Isi komentar buzzer semua😂
17881020183583550,2026-05-18T20:57:56+00:00,0,https://www.instagram.com/reel/DYWnJzzpojp/,https://www.instagram.com/reel/DYWnJzzpojp/?comment_id=17881020183583550,scraping_instagram,yusronagusfahrudin,Relawan yg digaji tinggi
18066468368385433,2026-05-18T16:00:28+00:00,0,https://www.instagram.com/reel/DYWnJzzpojp/,https://www.instagram.com/reel/DYWnJzzpojp/?comment_id=18066468368385433,scraping_instagram,aagymkrd_,JUAL KESEDIHAN HADEE
17965189164117380,2026-05-18T12:26:06+00:00,0,https://www.instagram.com/reel/DYWnJzzpojp/,https://www.instagram.com/reel/DYWnJzzpojp/?comment_id=17965189164117380,scraping_instagram,maharanysujatno,"tapi pernah kepikiran ga sih? polanya itu sama, sama-sama jual kesedihan dan empati masyarakat. contoh dulu pak probowo juga jual kesedihan sampai yg aku ingat itu kata-katanya “saya sudah kalah 2 kali dalam pemilihan presiden. izinkan saya kali ini mengabdi untuk rakyat indonesia” *cmiiw* 
sambil pasang video dia lagi sedih meratapi bangsa indonesia😊  dulu banyak video-videonya seperti itu untuk mendapatkan empati masyarakat dan kenyataan sekarang yg terjadi?"
17891724396355901,2026-05-18T12:04:20+00:00,0,https://www.instagram.com/reel/DYWnJzzpojp/,https://www.instagram.com/reel/DYWnJzzpojp/?comment_id=17891724396355901,scraping_instagram,haevy.nftr,"mbg = relawan hmm semangat ya buk, semoga programnya makin bijak pak @prabowo"
18112434980508309,2026-05-18T11:36:23+00:00,0,https://www.instagram.com/reel/DYWnJzzpojp/,https://www.instagram.com/reel/DYWnJzzpojp/?comment_id=18112434980508309,scraping_instagram,eltin_rabbiul_zanni,Relawan jg dibayar y?
18450239647117019,2026-05-18T11:35:52+00:00,0,https://www.instagram.com/reel/DYWnJzzpojp/,https://www.instagram.com/reel/DYWnJzzpojp/?comment_id=18450239647117019,scraping_instagram,eltin_rabbiul_zanni,Ada guru paud yg masih diberi honor hanya 150rb sebulan..
17857585233641086,2026-05-18T11:18:48+00:00,0,https://www.instagram.com/reel/DYWnJzzpojp/,https://www.instagram.com/reel/DYWnJzzpojp/?comment_id=17857585233641086,scraping_instagram,_amandasubekti,"ikut sedih, semangat ya bunda
LOVE YOU 🫶🥹😭❤️"
18102228469822635,2026-05-18T11:09:42+00:00,0,https://www.instagram.com/reel/DYWnJzzpojp/,https://www.instagram.com/reel/DYWnJzzpojp/?comment_id=18102228469822635,scraping_instagram,ilhamalfahrezi16_,Indonesia belom siap program maju begini
18548322040069669,2026-05-18T10:56:53+00:00,0,https://www.instagram.com/reel/DYWnJzzpojp/,https://www.instagram.com/reel/DYWnJzzpojp/?comment_id=18548322040069669,scraping_instagram,maulanaqzaman,Anjir bersebrangan trs Karo rakyat waras😂
17874197223485384,2026-05-18T09:59:20+00:00,0,https://www.instagram.com/reel/DYWnJzzpojp/,https://www.instagram.com/reel/DYWnJzzpojp/?comment_id=17874197223485384,scraping_instagram,widyadharianglila,"Kok tiba-tiba relawan, apa bukan pegawai/karyawan yg digaji lagi? 🫢"
17894939859461101,2026-05-18T08:10:36+00:00,0,https://www.instagram.com/reel/DYWnJzzpojp/,https://www.instagram.com/reel/DYWnJzzpojp/?comment_id=17894939859461101,scraping_instagram,syofwanhamid,Saja saja ada
18100482998010541,2026-05-18T08:05:12+00:00,0,https://www.instagram.com/reel/DYWnJzzpojp/,https://www.instagram.com/reel/DYWnJzzpojp/?comment_id=18100482998010541,scraping_instagram,davidsaragih17,😢 semangat dan sehat pejuang rupiah
17969553674900786,2026-05-18T07:34:56+00:00,0,https://www.instagram.com/reel/DYWnJzzpojp/,https://www.instagram.com/reel/DYWnJzzpojp/?comment_id=17969553674900786,scraping_instagram,ro2sary,Semangat yaa
18000450743946459,2026-05-18T07:20:00+00:00,0,https://www.instagram.com/reel/DYWnJzzpojp/,https://www.instagram.com/reel/DYWnJzzpojp/?comment_id=18000450743946459,scraping_instagram,msoleh37182,Valid
18102614011818885,2026-05-18T07:08:56+00:00,0,https://www.instagram.com/reel/DYWnJzzpojp/,https://www.instagram.com/reel/DYWnJzzpojp/?comment_id=18102614011818885,scraping_instagram,end_b0os98,"Min maaf sebelumnya bertanya mau nanyak apakah anak² kelas 1 smpe 5 tidak dpt MBG karena mereka di liburkan saat ujian PSAJ kelas 6 min? 
Mohon blsannya min"
17909032080222742,2026-05-18T03:59:39+00:00,0,https://www.instagram.com/reel/DYWnJzzpojp/,https://www.instagram.com/reel/DYWnJzzpojp/?comment_id=17909032080222742,scraping_instagram,centraljamur_medan,"Kalau lihat bahan baku naik semua mbg gmn?, gk protes, emak emak aj protes"
18067460360344050,2026-05-18T03:52:23+00:00,0,https://www.instagram.com/reel/DYWnJzzpojp/,https://www.instagram.com/reel/DYWnJzzpojp/?comment_id=18067460360344050,scraping_instagram,putra.davidson.94,Tolong STOP MBG alihkan ke yang lebih penting
17883056733561103,2026-05-18T00:22:43+00:00,0,https://www.instagram.com/reel/DYWnJzzpojp/,https://www.instagram.com/reel/DYWnJzzpojp/?comment_id=17883056733561103,scraping_instagram,ijai_akg,Semangat❤️
18584603605051292,2026-05-17T12:06:24+00:00,0,https://www.instagram.com/reel/DYWnJzzpojp/,https://www.instagram.com/reel/DYWnJzzpojp/?comment_id=18584603605051292,scraping_instagram,reeeeeey_agst,"Terimakasih pak, atas program lapangan kerja mbg ini banyak masyarakat didesa sangat bersyukur atas program mbg ini😢🙏🏻"
18063199358443645,2026-05-17T10:11:21+00:00,0,https://www.instagram.com/reel/DYWnJzzpojp/,https://www.instagram.com/reel/DYWnJzzpojp/?comment_id=18063199358443645,scraping_instagram,y12ftd_,taekkkkkk
18116817295759418,2026-05-17T09:37:38+00:00,0,https://www.instagram.com/reel/DYWnJzzpojp/,https://www.instagram.com/reel/DYWnJzzpojp/?comment_id=18116817295759418,scraping_instagram,munifthrv,MBG komt
17878158297597574,2026-05-17T09:14:55+00:00,0,https://www.instagram.com/reel/DYWnJzzpojp/,https://www.instagram.com/reel/DYWnJzzpojp/?comment_id=17878158297597574,scraping_instagram,findisguise,iya iya deh
17928436269298168,2026-05-17T07:52:21+00:00,0,https://www.instagram.com/reel/DYWnJzzpojp/,https://www.instagram.com/reel/DYWnJzzpojp/?comment_id=17928436269298168,scraping_instagram,an___aam,23 tahun? Single mom? Musik sedih?😮
18077469905638535,2026-05-17T06:54:55+00:00,0,https://www.instagram.com/reel/DYWnJzzpojp/,https://www.instagram.com/reel/DYWnJzzpojp/?comment_id=18077469905638535,scraping_instagram,massepri.id,❤️❤️❤️❤️❤️❤️❤️❤️❤️❤️❤️❤️❤️❤️
17973433065012809,2026-05-17T06:05:58+00:00,0,https://www.instagram.com/reel/DYWnJzzpojp/,https://www.instagram.com/reel/DYWnJzzpojp/?comment_id=17973433065012809,scraping_instagram,nilam_sharma05,"Naaaaaah kayak gini salah satu bentuk contoh manfaat Dari program MBG.. 
SEMANGAT TERUS !!!"
17888366250521439,2026-05-17T06:00:32+00:00,0,https://www.instagram.com/reel/DYWnJzzpojp/,https://www.instagram.com/reel/DYWnJzzpojp/?comment_id=17888366250521439,scraping_instagram,mmhmmdd49,"Stop mbg, banyak nih keracunan tolol"
18120035992646500,2026-05-17T05:17:32+00:00,0,https://www.instagram.com/reel/DYWnJzzpojp/,https://www.instagram.com/reel/DYWnJzzpojp/?comment_id=18120035992646500,scraping_instagram,septi2514,ssingle mom disini susah bnget masuk MBG
18138177175540600,2026-05-17T05:03:42+00:00,0,https://www.instagram.com/reel/DYWnJzzpojp/,https://www.instagram.com/reel/DYWnJzzpojp/?comment_id=18138177175540600,scraping_instagram,jpg.0312,"Yakin dan percaya bukan bilang menjelekkan namun program ini sudah bagus tp cara penyalurannya yg masih perlu di tingkatkan bahkan di tengah krisis ecomi skarang di jurnal yg d tuliskan oleh media asing itu sudah ad peringatan bahwa kita bisa saja ind kena inflasi klo bnyk ny pengeluaran dana /boros, jdi agar kirany memerhatikan juga jangan berfokus pada 1 kebikajan dengan anggaran yg besar melaingkan dengan pemerataan untuk bisa memulihkan perekonomian indonesia🔥"
17855215041661998,2026-05-17T04:45:39+00:00,0,https://www.instagram.com/reel/DYWnJzzpojp/,https://www.instagram.com/reel/DYWnJzzpojp/?comment_id=17855215041661998,scraping_instagram,aiis_anastasya,"Bukan relawan ya, karna digaji.
Bagaimana guru honorer yg seharinya hanya diupah 20rb? Disebutnya apa kira2?
Dari mbg kita belajar bahwa negara bukan tidak bisa mensejahterakan guru, tp negara TIDAK MAU."
18033766982804768,2026-05-17T04:30:22+00:00,0,https://www.instagram.com/reel/DYWnJzzpojp/,https://www.instagram.com/reel/DYWnJzzpojp/?comment_id=18033766982804768,scraping_instagram,bellalovelyprincess,"Saya tidak rela jika MBG dikurangi, karena anak saya adalah penerima. Anak saya harus dapat MBG paling tidak sampai 8 tahun nanti saat lulus SMA. Padahal dulu 6 hari sekarang 5 hari. Miris"
18046816262546330,2026-05-17T04:21:51+00:00,0,https://www.instagram.com/reel/DYWnJzzpojp/,https://www.instagram.com/reel/DYWnJzzpojp/?comment_id=18046816262546330,scraping_instagram,novan_negara,Do not judge the book by its cover. Read the content ..
18137791111543869,2026-05-17T03:33:37+00:00,0,https://www.instagram.com/reel/DYWnJzzpojp/,https://www.instagram.com/reel/DYWnJzzpojp/?comment_id=18137791111543869,scraping_instagram,jokobowor,Program 💩💩💩
18164337268434089,2026-05-17T03:20:34+00:00,1,https://www.instagram.com/reel/DYWnJzzpojp/,https://www.instagram.com/reel/DYWnJzzpojp/?comment_id=18164337268434089,scraping_instagram,uname__q,"tolong lah BGN melek dan perhatikan dengan baik KA SPPG di dapur kerjanya hanya scroll, main hp, pergi jalan jalan. kerjaan mereka dikasihkan ke ag dan ak miris sekali ag ak sama bgn ga di perhatikan tapi yang di perhatikan ka sppg udh di kasih laptop, motor lostrik, seragam dan tetekbengeknya satu kit, trs mereka kerjaanya cuman nyuruh. gajinya ga tanggung tanggung kdang mereka minta jatah lagi ke mitra lah, ambil dari supplier lah pokoknya di depan petinggi bgn si ka sppg ini bener tapi kalo di dapur gila sih bobrok banget ga kerja, bangun nya siang. kerja kalo misal ada kedengeran mau di audit aja, administrasi nya semua yg kerjakan ag sama ak.
terutama ag sih yg paling kasian kegenjet di salahin mitra di salahin ka sppg gabisa ambil keputusan sendiri karna semuanya harus menurut ka sppg yg ga kerja itu. emg sih ada di dapur tapi bikin ag sama ak tertekan karna kerjaan dia, laporan di website yg khusus ka sppg aja masa di kasihkan ke ag buat dikerjakan kan kocak. @badangizinasional.ri"
17897637498449599,2026-05-17T02:45:28+00:00,0,https://www.instagram.com/reel/DYWnJzzpojp/,https://www.instagram.com/reel/DYWnJzzpojp/?comment_id=17897637498449599,scraping_instagram,dimpras10,"Iseng liat kolom komennya bgn banyak buzzernya juga ya. Jilatin terus ajaa bos2 besarnya, pos anggaran paling besar eh yang paling struntulan kerjanya hadeeh"
18118296871675025,2026-05-17T02:21:31+00:00,0,https://www.instagram.com/reel/DYWnJzzpojp/,https://www.instagram.com/reel/DYWnJzzpojp/?comment_id=18118296871675025,scraping_instagram,dheaannisarahma,rakyat di desa tidak pakai dolar
18102572920972181,2026-05-17T01:55:48+00:00,0,https://www.instagram.com/reel/DYWnJzzpojp/,https://www.instagram.com/reel/DYWnJzzpojp/?comment_id=18102572920972181,scraping_instagram,trio.insan,"Jahat banget cara rezim ini, buat sebagian warga tergantung dg programnya sdgkan mayoritas warga ancur akibat program ambisius, hanya demi kelanggengan kekuasaan"
18096742715125679,2026-05-17T01:53:28+00:00,0,https://www.instagram.com/reel/DYWnJzzpojp/,https://www.instagram.com/reel/DYWnJzzpojp/?comment_id=18096742715125679,scraping_instagram,dheaannisarahma,ekonomi hancur
17875698426665166,2026-05-17T00:26:54+00:00,0,https://www.instagram.com/reel/DYWnJzzpojp/,https://www.instagram.com/reel/DYWnJzzpojp/?comment_id=17875698426665166,scraping_instagram,selvina_situmorang,Jualan air mataa jalur ninja 😂😂😂
17892710589466781,2026-05-17T00:19:48+00:00,0,https://www.instagram.com/reel/DYWnJzzpojp/,https://www.instagram.com/reel/DYWnJzzpojp/?comment_id=17892710589466781,scraping_instagram,alalzalaludin,Mulai menjual kesedihan demi program bejad
17866802298620159,2026-05-17T00:11:10+00:00,0,https://www.instagram.com/reel/DYWnJzzpojp/,https://www.instagram.com/reel/DYWnJzzpojp/?comment_id=17866802298620159,scraping_instagram,iniadalahrivan,Guru honorer kurang di hargai
18137486821547339,2026-05-17T00:07:45+00:00,0,https://www.instagram.com/reel/DYWnJzzpojp/,https://www.instagram.com/reel/DYWnJzzpojp/?comment_id=18137486821547339,scraping_instagram,sempag.jaran,MALING BERKEDOK GIZI
17932930758076016,2026-05-17T00:07:43+00:00,0,https://www.instagram.com/reel/DYWnJzzpojp/,https://www.instagram.com/reel/DYWnJzzpojp/?comment_id=17932930758076016,scraping_instagram,sempag.jaran,MALING BERKEDOK GIZI
18042493325782627,2026-05-17T00:07:41+00:00,0,https://www.instagram.com/reel/DYWnJzzpojp/,https://www.instagram.com/reel/DYWnJzzpojp/?comment_id=18042493325782627,scraping_instagram,sempag.jaran,MALING BERKEDOK GIZI
18226067815314000,2026-05-17T00:07:38+00:00,0,https://www.instagram.com/reel/DYWnJzzpojp/,https://www.instagram.com/reel/DYWnJzzpojp/?comment_id=18226067815314000,scraping_instagram,sempag.jaran,MALING BERKEDOK GIZI
18312357397277952,2026-05-17T00:07:36+00:00,0,https://www.instagram.com/reel/DYWnJzzpojp/,https://www.instagram.com/reel/DYWnJzzpojp/?comment_id=18312357397277952,scraping_instagram,sempag.jaran,MALING BERKEDOK GIZI
17959717857102399,2026-05-16T18:14:39+00:00,0,https://www.instagram.com/reel/DYWnJzzpojp/,https://www.instagram.com/reel/DYWnJzzpojp/?comment_id=17959717857102399,scraping_instagram,epicmarmoush,INSTANSI LO NOH BELANJA NYA KEBANYAKAN
17868710880673867,2026-05-16T17:34:45+00:00,0,https://www.instagram.com/reel/DYWnJzzpojp/,https://www.instagram.com/reel/DYWnJzzpojp/?comment_id=17868710880673867,scraping_instagram,amar_xene,Ga gunaaaaaaa
17903059812264608,2026-05-16T15:54:10+00:00,0,https://www.instagram.com/reel/DYWnJzzpojp/,https://www.instagram.com/reel/DYWnJzzpojp/?comment_id=17903059812264608,scraping_instagram,ikapermatasari49,"Aamiin 🤲 semoga mbg lancar terus , bisa bertahan selamanya 🔥🔥 semngat terus para pejuang keluarga 🔥🔥❤️❤️"
18073570352295441,2026-05-16T14:48:50+00:00,0,https://www.instagram.com/reel/DYWnJzzpojp/,https://www.instagram.com/reel/DYWnJzzpojp/?comment_id=18073570352295441,scraping_instagram,hgrks_,"(sarkas) 😍🔥kasian kalian guru swasta/nakes swasta, mentri kalian mentingin para honor diangkat, guru/nakes swasta dan freshgraduate sabar aja kalian tuh gak dianggep,kalian tuh bukan bagian dari negara ini kok, guru honor itu gak lulus cpns/sengaja gak mau tes cpns, posisinya tetap penting soalnya ada bekingannya,kalian yang gak ada ordal jangan coba-coba jadi asn ya karena kalian belum ngehonor, yang udah lulus tes cpns guru tes murni kalian jangan iri kalo ada cpns baru jalur give away berlagak sok penting""gak perlu gaji yang penting korpri"" dari gayanya saja sudah tau kalo itu gak halal, syaratnya harus ngehonor (sarkas) sabar ya guru swasta yang baik bijaksana jujur benar benar menerapkan kontrak kalian dengan amanah, masa ada pegawai honor sudah tau tidak menuntut jadi asn,malah menuntut tidak sesuai perjanjian,itu bagaimana??berarti tidak sesuai dengan core value ASN ber akhlaq, KARENA MENNGKARI JANJI @prabowo @gibran_rakabuming @official.kpk @profzudan"
17969403542906006,2026-05-16T14:03:25+00:00,0,https://www.instagram.com/reel/DYWnJzzpojp/,https://www.instagram.com/reel/DYWnJzzpojp/?comment_id=17969403542906006,scraping_instagram,fitria__k,"Menuntut 19jt lapangan pekerjaan, giliran diberi kesempatan malah dihujatlah, pilih² kerjalah, inilah, itulah. Menuntut utk realisasi janji² program, giliran direalisasi, salah lagi 😂"
18042706217716494,2026-05-16T13:58:05+00:00,0,https://www.instagram.com/reel/DYWnJzzpojp/,https://www.instagram.com/reel/DYWnJzzpojp/?comment_id=18042706217716494,scraping_instagram,rizkiaprizaa,Botak bosokk
17934919689253342,2026-05-16T13:43:17+00:00,0,https://www.instagram.com/reel/DYWnJzzpojp/,https://www.instagram.com/reel/DYWnJzzpojp/?comment_id=17934919689253342,scraping_instagram,rayaagung2023,Tolong yg d pekerjakan yg kayak begini ...jngn yg udah punya usaha .suami nya kerja ...atau saudara yg punya dapur ...
18101775139961868,2026-05-16T13:21:42+00:00,0,https://www.instagram.com/reel/DYWnJzzpojp/,https://www.instagram.com/reel/DYWnJzzpojp/?comment_id=18101775139961868,scraping_instagram,lewisabaaar,kapan lagi bisa dapat engagement dari publik dengan jual kesedihan
18001311806929804,2026-05-16T12:41:18+00:00,0,https://www.instagram.com/reel/DYWnJzzpojp/,https://www.instagram.com/reel/DYWnJzzpojp/?comment_id=18001311806929804,scraping_instagram,sppgmesjidpunteut,🔥🔥🔥
18181480153384665,2026-05-16T11:54:10+00:00,0,https://www.instagram.com/reel/DYWnJzzpojp/,https://www.instagram.com/reel/DYWnJzzpojp/?comment_id=18181480153384665,scraping_instagram,pejabattai_,Asu bubaro mbg jancok marai rego mundak kabeh asu program tai
18119130346740328,2026-05-16T11:42:34+00:00,5,https://www.instagram.com/reel/DYWnJzzpojp/,https://www.instagram.com/reel/DYWnJzzpojp/?comment_id=18119130346740328,scraping_instagram,mch.rojul,"Anjaii, mau menyaingi drama indosiar:v"
18308401462302596,2026-05-16T11:27:51+00:00,3,https://www.instagram.com/reel/DYWnJzzpojp/,https://www.instagram.com/reel/DYWnJzzpojp/?comment_id=18308401462302596,scraping_instagram,thaa_ckp,Mbg itu uangnya darimana ya??? Masa anak² libur sekolah & ga dapat mbg tapi relewan tetep digaji normal ..ini program mbg tuh sebenernya buat anak² atau buat memakmurkan relawan mbg sih?
18077319446649007,2026-05-16T11:20:08+00:00,2,https://www.instagram.com/reel/DYWnJzzpojp/,https://www.instagram.com/reel/DYWnJzzpojp/?comment_id=18077319446649007,scraping_instagram,ciaraaa_027,Sudah jelas kan bukan relawan tapi karyawan yg digaji.
18327423616271888,2026-05-16T10:27:14+00:00,0,https://www.instagram.com/reel/DYWnJzzpojp/,https://www.instagram.com/reel/DYWnJzzpojp/?comment_id=18327423616271888,scraping_instagram,usop_radenyusuf,Di kotaku ada 500 honorer di PHK... 😂
17964987339110698,2026-05-16T10:03:03+00:00,0,https://www.instagram.com/reel/DYWnJzzpojp/,https://www.instagram.com/reel/DYWnJzzpojp/?comment_id=17964987339110698,scraping_instagram,burgeur__,Jualan cerita sedih sat. Lo ga mikir sektor lain yang terdampak. Babilah trail listrik sampah
18118658344736078,2026-05-16T09:41:02+00:00,1,https://www.instagram.com/reel/DYWnJzzpojp/,https://www.instagram.com/reel/DYWnJzzpojp/?comment_id=18118658344736078,scraping_instagram,refa.___,BEBAN 1 INDONESIA
18130458745582762,2026-05-16T09:32:17+00:00,0,https://www.instagram.com/reel/DYWnJzzpojp/,https://www.instagram.com/reel/DYWnJzzpojp/?comment_id=18130458745582762,scraping_instagram,muhammad.syahdan.7549,"Tetap smangat ibu, kamu hebat 🔥🔥🔥"
18108020890923918,2026-05-16T09:27:03+00:00,0,https://www.instagram.com/reel/DYWnJzzpojp/,https://www.instagram.com/reel/DYWnJzzpojp/?comment_id=18108020890923918,scraping_instagram,yopie_kaunang,"🔥🔥🔥Semangat teteh , MBG akan terus berjalan programnya"
18064212389428262,2026-05-16T08:35:55+00:00,0,https://www.instagram.com/reel/DYWnJzzpojp/,https://www.instagram.com/reel/DYWnJzzpojp/?comment_id=18064212389428262,scraping_instagram,narayaniskalaaa,sekalian dong posting juga cerita guru guru honorer
18534711235076254,2026-05-16T08:22:40+00:00,0,https://www.instagram.com/reel/DYWnJzzpojp/,https://www.instagram.com/reel/DYWnJzzpojp/?comment_id=18534711235076254,scraping_instagram,pang_gih24,Jual kesedihan terus untuk menutup kebobrokan😂😂😂
17930324865274593,2026-05-16T06:39:30+00:00,3,https://www.instagram.com/reel/DYWnJzzpojp/,https://www.instagram.com/reel/DYWnJzzpojp/?comment_id=17930324865274593,scraping_instagram,isydisi_,"Menurut aku ya, program ini ngebantu banget buat keluarga menengah kebawah, terlepas dari katanya dana dikorup atau banyak yg keracunan dll ya namanya juga program baru pasti masih perlu pengembangan karna blm banyak pengalaman dilapangan tapi kan setidaknya bantu ngurangin beban ibu... yakah hayo lah.... Pulang2 anak udah terisi perutnya pasti ibu agak tenang. Belum lagi ngebuka lapangan kerja juga. Meski belum 19jt ya"
18001626911921684,2026-05-16T06:32:08+00:00,0,https://www.instagram.com/reel/DYWnJzzpojp/,https://www.instagram.com/reel/DYWnJzzpojp/?comment_id=18001626911921684,scraping_instagram,firdha1414,"Kok relawan sih? Dia kan digaji,gajinya gede juga lo"
18006076652865941,2026-05-16T06:13:36+00:00,0,https://www.instagram.com/reel/DYWnJzzpojp/,https://www.instagram.com/reel/DYWnJzzpojp/?comment_id=18006076652865941,scraping_instagram,agengwahyudi79,"Tidak untuk guru honorer... Guru honorer cukup hidup menderita saja, apalagi yang di pelosok.. guru honorer harus tetap menderita dan tidak pernah sukses."
17871968322503969,2026-05-16T06:05:06+00:00,0,https://www.instagram.com/reel/DYWnJzzpojp/,https://www.instagram.com/reel/DYWnJzzpojp/?comment_id=17871968322503969,scraping_instagram,ramburada.b,Harusnya uplod juga informasi ttg keracunan biar imbang to
18022419827827375,2026-05-16T05:48:15+00:00,0,https://www.instagram.com/reel/DYWnJzzpojp/,https://www.instagram.com/reel/DYWnJzzpojp/?comment_id=18022419827827375,scraping_instagram,diansiloanii,MBG sangat bermanfaat buat anak DNA keluarga Indonesia 😍
18065356715384609,2026-05-16T05:26:21+00:00,0,https://www.instagram.com/reel/DYWnJzzpojp/,https://www.instagram.com/reel/DYWnJzzpojp/?comment_id=18065356715384609,scraping_instagram,umatrosul25,"Supaya beritanya berimbang.Upload juga yang keracunan,makanan/buah yg ada uletnya sejauh mana peran BGN dalam menanganinya"
18018846533839558,2026-05-16T05:04:38+00:00,0,https://www.instagram.com/reel/DYWnJzzpojp/,https://www.instagram.com/reel/DYWnJzzpojp/?comment_id=18018846533839558,scraping_instagram,zakia_h37,Relawannn??? Relawan koq dibayar??? 😂😂😂😂
18085761317378373,2026-05-16T04:52:22+00:00,0,https://www.instagram.com/reel/DYWnJzzpojp/,https://www.instagram.com/reel/DYWnJzzpojp/?comment_id=18085761317378373,scraping_instagram,han_dika37,Jual kesedihan!! Biar apa?
18098372092893944,2026-05-16T04:35:13+00:00,0,https://www.instagram.com/reel/DYWnJzzpojp/,https://www.instagram.com/reel/DYWnJzzpojp/?comment_id=18098372092893944,scraping_instagram,felikstoteles,Pfttt konten2 gini lagi 😣
17876332728599393,2026-05-16T03:31:45+00:00,0,https://www.instagram.com/reel/DYWnJzzpojp/,https://www.instagram.com/reel/DYWnJzzpojp/?comment_id=17876332728599393,scraping_instagram,yud_sas,Benar membuka peluang bagi masyarakat sperti ini tapi inget mbg juga menutup rejeki kantin yg basic nya jualan makanan berat
18201708472352244,2026-05-16T03:22:33+00:00,0,https://www.instagram.com/reel/DYWnJzzpojp/,https://www.instagram.com/reel/DYWnJzzpojp/?comment_id=18201708472352244,scraping_instagram,rusdi.nc,"Btw anggaran buzzer udh masuk ya😂, ini isinya keliatan bgt buzzernya"
18209531359330989,2026-05-16T03:21:59+00:00,0,https://www.instagram.com/reel/DYWnJzzpojp/,https://www.instagram.com/reel/DYWnJzzpojp/?comment_id=18209531359330989,scraping_instagram,ria.viesca,Pekerja bukan relawan
17893459683466749,2026-05-16T03:21:54+00:00,0,https://www.instagram.com/reel/DYWnJzzpojp/,https://www.instagram.com/reel/DYWnJzzpojp/?comment_id=17893459683466749,scraping_instagram,rusdi.nc,Jual kesedihan mulu kerjaan lo min anjing
17869577469524291,2026-05-16T03:10:31+00:00,0,https://www.instagram.com/reel/DYWnJzzpojp/,https://www.instagram.com/reel/DYWnJzzpojp/?comment_id=17869577469524291,scraping_instagram,kim_haneul98,BUKAN RELAWAN TAPI KARYAWAN 👊
18106297169481719,2026-05-16T02:54:21+00:00,0,https://www.instagram.com/reel/DYWnJzzpojp/,https://www.instagram.com/reel/DYWnJzzpojp/?comment_id=18106297169481719,scraping_instagram,nangadih,"RELAWAN = IKHLAS BEKERJA DAN RELA TIDAK DI GAJI, jadi sebaiknya Ganti Jadi karyawan ya,....."
17914711797372041,2026-05-16T02:48:17+00:00,0,https://www.instagram.com/reel/DYWnJzzpojp/,https://www.instagram.com/reel/DYWnJzzpojp/?comment_id=17914711797372041,scraping_instagram,sn_ainingsih,Relawan yg digaji
18389414089093897,2026-05-16T02:27:40+00:00,0,https://www.instagram.com/reel/DYWnJzzpojp/,https://www.instagram.com/reel/DYWnJzzpojp/?comment_id=18389414089093897,scraping_instagram,mr.rcp2210,Program untuk anjink koruptor
18114306553650625,2026-05-16T01:57:25+00:00,0,https://www.instagram.com/reel/DYWnJzzpojp/,https://www.instagram.com/reel/DYWnJzzpojp/?comment_id=18114306553650625,scraping_instagram,purnomo_soleh3,"Pak Bu , saya sudah lamar kerja di DM loker terbaru MBG. Tolong buka DM aku. 🙌🙇"
17911817235201867,2026-05-16T01:05:35+00:00,0,https://www.instagram.com/reel/DYWnJzzpojp/,https://www.instagram.com/reel/DYWnJzzpojp/?comment_id=17911817235201867,scraping_instagram,nisaatelierr,Relawan mah ga nuntut digaji dong 😌
18062306582451917,2026-05-16T00:59:29+00:00,0,https://www.instagram.com/reel/DYWnJzzpojp/,https://www.instagram.com/reel/DYWnJzzpojp/?comment_id=18062306582451917,scraping_instagram,sasak282716,bubarkan MBG🔥🔥🔥🔥MBG minim guna dan minim manfaat... 😡😡😡😡ladang korupsi teroganisir
18466679485100716,2026-05-16T00:58:40+00:00,1,https://www.instagram.com/reel/DYWnJzzpojp/,https://www.instagram.com/reel/DYWnJzzpojp/?comment_id=18466679485100716,scraping_instagram,pedagang._kece,buzzer
18161254456444024,2026-05-16T00:34:33+00:00,0,https://www.instagram.com/reel/DYWnJzzpojp/,https://www.instagram.com/reel/DYWnJzzpojp/?comment_id=18161254456444024,scraping_instagram,rendrayanideva,Arti relawan udh ganti ya?
17962258982935239,2026-05-16T00:26:27+00:00,0,https://www.instagram.com/reel/DYWnJzzpojp/,https://www.instagram.com/reel/DYWnJzzpojp/?comment_id=17962258982935239,scraping_instagram,alia_galb,Lapangan dibuka dr ambil pajak rakyat.bukn dr investor luar yg mendatangkan uang masuk ke indonesia.muter dr rskyt ke rakyt belom yg dikorupp.rakyt dibawah kering yg basah pemilik sppg keatas suplier yg kuat main duit gede
18087044282575592,2026-05-16T00:24:09+00:00,0,https://www.instagram.com/reel/DYWnJzzpojp/,https://www.instagram.com/reel/DYWnJzzpojp/?comment_id=18087044282575592,scraping_instagram,rodagila45721,Kenapa pengen banget di sebut relawan.memang tida ada gajih kah???
17881301271427475,2026-05-16T00:19:12+00:00,0,https://www.instagram.com/reel/DYWnJzzpojp/,https://www.instagram.com/reel/DYWnJzzpojp/?comment_id=17881301271427475,scraping_instagram,endahenhee,Kak anaknya nanti masukkan SR kalau sudah SD.. kakak bisa fokus kerja dan fokus belajar.. berkesinambungan. Semangat ya kak 🔥
18168449137419438,2026-05-16T00:01:17+00:00,0,https://www.instagram.com/reel/DYWnJzzpojp/,https://www.instagram.com/reel/DYWnJzzpojp/?comment_id=18168449137419438,scraping_instagram,azka_hisz,Relawan engga dibayar dong harusnya~
18064614539407522,2026-05-15T23:44:00+00:00,0,https://www.instagram.com/reel/DYWnJzzpojp/,https://www.instagram.com/reel/DYWnJzzpojp/?comment_id=18064614539407522,scraping_instagram,zaenalmaarif39,Coba ganti kata relawan menjadi karyawan / pegawai ..🙌
18055909406502111,2026-05-15T23:34:10+00:00,0,https://www.instagram.com/reel/DYWnJzzpojp/,https://www.instagram.com/reel/DYWnJzzpojp/?comment_id=18055909406502111,scraping_instagram,tetysobari,"Jgn pake nama relawan lah.. Relawan gak dibayar, kalian dibayar dgn gaji yg jauh lebih besar dari guru honorer yg mengabdi mencerdaskan bangsa"
18085246667207039,2026-05-15T23:06:25+00:00,0,https://www.instagram.com/reel/DYWnJzzpojp/,https://www.instagram.com/reel/DYWnJzzpojp/?comment_id=18085246667207039,scraping_instagram,rudispran,Jgn jual kesedihan dong
17887424577538059,2026-05-15T22:58:53+00:00,0,https://www.instagram.com/reel/DYWnJzzpojp/,https://www.instagram.com/reel/DYWnJzzpojp/?comment_id=17887424577538059,scraping_instagram,novita.nws,"MBG memberikan makan hari ini
Tapi Chromebook bisa mengubah nasib seumur hidup"
17878756344597827,2026-05-15T22:38:33+00:00,9,https://www.instagram.com/reel/DYWnJzzpojp/,https://www.instagram.com/reel/DYWnJzzpojp/?comment_id=17878756344597827,scraping_instagram,enricoo_88,"Lebih dari 30 ribu anak dan guru menjadi korban keracunan MBG (@mbg.watch @surveillance.mbg). Namun BGN tidak juga menerapkan sanksi tegas dgn konsekuensi hukum mengikat. Tidak ada satupun terdakwa maupun tersangka dalam kasus keracunan MBG. Justru SPPG bermasalah hanya disuspend/diberhentikan sementara (tidak diputus kontrak banper) dan tetap mendapatkan insentif 6jt/hr. Lalu bagaimana mau memberikan efek jera dan implementasi lbh ketat? Kalau markup anggaran, manipulasi nota belanja, serta setoran upeti utk meloloskan dapur tidak layak operasional dianggap wajar oleh internal BGN. Akibatnya bahan baku rusak dan proses olah makanan tidak patuh SOP selalu terulang."
18117467728683073,2026-05-15T20:00:18+00:00,9,https://www.instagram.com/reel/DYWnJzzpojp/,https://www.instagram.com/reel/DYWnJzzpojp/?comment_id=18117467728683073,scraping_instagram,arvian_vadikarahman,"Saya tidak menghujatmu buk, dan programnya gak salah kok, yang salah adalah pengusaha mbg dan antek” di dalam dan penyokongnya. Yang bikin programnya salah kaprah"
18089908292200250,2026-05-15T19:41:02+00:00,0,https://www.instagram.com/reel/DYWnJzzpojp/,https://www.instagram.com/reel/DYWnJzzpojp/?comment_id=18089908292200250,scraping_instagram,ggptrgr,"Fix, 1 Udah jadi tameng premerintah, jangan lupa coblos bapak priode depan, ancurr bgn tai porsian lu mana ada yg yg harganya 15rb di daerah gua, kalo bisa punya rasa malu ngapa luh, segala apa aja yg ga ada kaitannya sama gizi di belanjain, tai☝🏼"
18046935950535317,2026-05-15T18:57:48+00:00,0,https://www.instagram.com/reel/DYWnJzzpojp/,https://www.instagram.com/reel/DYWnJzzpojp/?comment_id=18046935950535317,scraping_instagram,bnlbnall1892,Komen yg sadis apa ya???biar pak presiden baca ??? Biar bisa viral ??? Coba saya komen @prabowo @presidenrepublikindonesia BEJAT !! Duit negara ratusan Triliun di markup anak2 lonte !!!
18082020881433019,2026-05-15T17:23:52+00:00,0,https://www.instagram.com/reel/DYWnJzzpojp/,https://www.instagram.com/reel/DYWnJzzpojp/?comment_id=18082020881433019,scraping_instagram,agung_hmby2024,Hadeh.. Mau masuk mbg ajah musti ordal.. Tanpa test yg selektif..
18010539305893345,2026-05-15T17:17:45+00:00,31,https://www.instagram.com/reel/DYWnJzzpojp/,https://www.instagram.com/reel/DYWnJzzpojp/?comment_id=18010539305893345,scraping_instagram,mheearosalia,MBG baik ny di arahkan ke daerah2 terpencil dan sekolah2 utk kalangan menengah ke bawah agar lbh tepat sasaran!
18087002039616012,2026-05-15T17:13:46+00:00,0,https://www.instagram.com/reel/DYWnJzzpojp/,https://www.instagram.com/reel/DYWnJzzpojp/?comment_id=18087002039616012,scraping_instagram,telelova,"program sampah, ga guna"
18099403280040598,2026-05-15T17:09:53+00:00,0,https://www.instagram.com/reel/DYWnJzzpojp/,https://www.instagram.com/reel/DYWnJzzpojp/?comment_id=18099403280040598,scraping_instagram,letsvisitindonesia45,Dadan dkk nasib nya pasti nyusul seperti yaqult nadiem noel di jebak kkn oleh rezim komunis konoha. 😂
17944974099012253,2026-05-15T17:08:50+00:00,0,https://www.instagram.com/reel/DYWnJzzpojp/,https://www.instagram.com/reel/DYWnJzzpojp/?comment_id=17944974099012253,scraping_instagram,irmadhlstr,"COBA SIDAK DAPUR @sppgbojongmenteng3 KATANYA BANYAK KEJANGGALAN DI DALEM DAPURNYA SEPERTI SAYURAN YG TIDAK HIGENIS DLLNYA, MENU DIKASIH SEENAKNYA MEREKA! BAHKAN KADANG KITA CUMA DI KASIH NASI IJO SAMA ORAK ARIK TEMPE DAN TELOR DOANG WKWKWK GIZINYA DIMANAAAAAAA"
17924234904123457,2026-05-15T16:53:51+00:00,9,https://www.instagram.com/reel/DYWnJzzpojp/,https://www.instagram.com/reel/DYWnJzzpojp/?comment_id=17924234904123457,scraping_instagram,sppg_cibingbin01,"Terima kasih banyak sudah membagikan kisah inspiratif Kak Rosita 🙏 Kami dari SPPG Purwakarta Bojong Cibingbin 01 ( @sppg_cibingbin01 ) turut bersyukur dapat menjadi bagian dari program yang membawa manfaat bagi masyarakat dan anak-anak Indonesia. Semoga upaya bersama ini terus memberikan kebaikan dan kebermanfaatan bagi banyak keluarga, serta menjadi wujud perhatian dan kepedulian Bapak Presiden Prabowo terhadap kesejahteraan masyarakat 😊 amiin…"
18095953316331431,2026-05-15T16:24:13+00:00,76,https://www.instagram.com/reel/DYWnJzzpojp/,https://www.instagram.com/reel/DYWnJzzpojp/?comment_id=18095953316331431,scraping_instagram,indah_intuisi,"Tolong ganti sebutannya,jgn relawan,relawan itu tanpa pamrih g dibayar gpp,dibayarpun seridhonya,kalo ini ma udah kerjaan pasti,pasti nerima gaji,mana lbh gede dari buruh dan guru honorer lagi,ga tepat disebut relawan 🙏🏻"
18107007214901702,2026-05-15T16:19:40+00:00,0,https://www.instagram.com/reel/DYWnJzzpojp/,https://www.instagram.com/reel/DYWnJzzpojp/?comment_id=18107007214901702,scraping_instagram,hukumind_,DADAN OUT
18082503458435045,2026-05-15T16:18:00+00:00,10,https://www.instagram.com/reel/DYWnJzzpojp/,https://www.instagram.com/reel/DYWnJzzpojp/?comment_id=18082503458435045,scraping_instagram,virgiawan40,"bajingan mergo setan MBG, harga² mundak kabeh"
18096962096154081,2026-05-15T16:13:20+00:00,0,https://www.instagram.com/reel/DYWnJzzpojp/,https://www.instagram.com/reel/DYWnJzzpojp/?comment_id=18096962096154081,scraping_instagram,meliawci,Gada gunanya MBG ini demi allah wo malah bikin gak berputar duit @prabowo malah bikin susah negara dengan rupiah anjlok dan banyak hal lainya yang kacau gara2 lu
17887992420536732,2026-05-15T16:01:21+00:00,0,https://www.instagram.com/reel/DYWnJzzpojp/,https://www.instagram.com/reel/DYWnJzzpojp/?comment_id=17887992420536732,scraping_instagram,rio_adam23,Itu yg dibelakang teleport dari mana 😭
18138747634545662,2026-05-15T15:57:53+00:00,1,https://www.instagram.com/reel/DYWnJzzpojp/,https://www.instagram.com/reel/DYWnJzzpojp/?comment_id=18138747634545662,scraping_instagram,yoonhirata,"Iya bener ngebantu, tapi emang perlu MBG masuk Kampus dan Polisi?? Kan MBG (makan bergizi gratis) itu fokusnya buat anak anak . Inget fokusnya buat membantu gizi anak anak Indonesia bukan ngebantu kantong pejabat karna ada peluang pengadaan yg di adaadakan. Pengadaan seperti motor buat apa? Kenapa gak dialihkan tuk nambah menu makanan?? Kadang TOLOL kalian"
17866554480545888,2026-05-15T15:51:53+00:00,10,https://www.instagram.com/reel/DYWnJzzpojp/,https://www.instagram.com/reel/DYWnJzzpojp/?comment_id=17866554480545888,scraping_instagram,bedegul08,Halah di tempat saya gara2 ada mbg kasihan sama ibu2 yg sudah umur paruh baya tadinya tidak ada mbg anak2 pada beli nasi kuning di warung ibu tersebut dan ibu tersebut penghidupan sehari hanya berjualan nasi kuning di sekolah pas ada mbg nasi kuning nya gak laku dan seminggu sekali sppg dapur nya juga bikin menu nasi kuning parahnya lagi ibu tersebut ngelamar kerja di dapur nya di tolak dengan alesan umur yg muda2 yang dapat di Terima  manah program yg bisa membantu rakyat kecil preetlah semua cuma bisnis belaka dan rakyat kecil jadi korban nya saja @prabowo coba bapak liat dampaknya harusnya orang-orang yg tadinya penghidupan nya dari jualan di sekolah bisa di berdayakan untuk jadi relawan mbg nya agar ekonomi penghasilan mereka tidak terputus
18097430774033662,2026-05-15T15:49:19+00:00,0,https://www.instagram.com/reel/DYWnJzzpojp/,https://www.instagram.com/reel/DYWnJzzpojp/?comment_id=18097430774033662,scraping_instagram,zaidanfann1,Semangat terus Momy.... 💪💪
18105558925751186,2026-05-15T15:33:37+00:00,110,https://www.instagram.com/reel/DYWnJzzpojp/,https://www.instagram.com/reel/DYWnJzzpojp/?comment_id=18105558925751186,scraping_instagram,kebeeeeeee,Jual kesedihan emang paling laku
18103030228818348,2026-05-15T15:17:32+00:00,0,https://www.instagram.com/reel/DYWnJzzpojp/,https://www.instagram.com/reel/DYWnJzzpojp/?comment_id=18103030228818348,scraping_instagram,benjamintukangkayu,Based moment @pratamasaputras @theboi_from_ipanema @kagiswana
17889011184522298,2026-05-15T14:58:16+00:00,85,https://www.instagram.com/reel/DYWnJzzpojp/,https://www.instagram.com/reel/DYWnJzzpojp/?comment_id=17889011184522298,scraping_instagram,anangmruff,"1 ekonomi terbantu ,,1 negara defisit Indonesia emas apanya wkwk"
17889013029522307,2026-05-15T14:54:38+00:00,17,https://www.instagram.com/reel/DYWnJzzpojp/,https://www.instagram.com/reel/DYWnJzzpojp/?comment_id=17889013029522307,scraping_instagram,tooshie_daine,"Waaawwww anggaran untuk jasa pengelolaan opini publik udah cair yah😍😍

Banyak bgt buzzer kamu MBG 😍😍😍 NAJIS BGT BACAINNYA😍"
18413346529198793,2026-05-15T14:49:33+00:00,2,https://www.instagram.com/reel/DYWnJzzpojp/,https://www.instagram.com/reel/DYWnJzzpojp/?comment_id=18413346529198793,scraping_instagram,hskiimmm,berapa persen SPPG di daerah 3TP? ga berani buka datanya yah pasti kwkwkwkwk
18167346373427018,2026-05-15T14:29:26+00:00,0,https://www.instagram.com/reel/DYWnJzzpojp/,https://www.instagram.com/reel/DYWnJzzpojp/?comment_id=18167346373427018,scraping_instagram,dolphin.5007573,Masih 23thun ...hallo apa kabar guru honorer yg puluhan tahu ngajar hingga tutup usia
18100267790003652,2026-05-15T14:26:19+00:00,0,https://www.instagram.com/reel/DYWnJzzpojp/,https://www.instagram.com/reel/DYWnJzzpojp/?comment_id=18100267790003652,scraping_instagram,dulcemariya12,Relawan??????? Relawan kepala KAUUUUUUUU
18076625792241148,2026-05-15T14:20:24+00:00,1,https://www.instagram.com/reel/DYWnJzzpojp/,https://www.instagram.com/reel/DYWnJzzpojp/?comment_id=18076625792241148,scraping_instagram,havelinonico,"Semngat para pejuang rupiah, kalian luar biasa relawan ❤️🔥"
18092966378335932,2026-05-15T14:16:37+00:00,0,https://www.instagram.com/reel/DYWnJzzpojp/,https://www.instagram.com/reel/DYWnJzzpojp/?comment_id=18092966378335932,scraping_instagram,cuppride,Drama
18092741603186595,2026-05-15T14:08:13+00:00,0,https://www.instagram.com/reel/DYWnJzzpojp/,https://www.instagram.com/reel/DYWnJzzpojp/?comment_id=18092741603186595,scraping_instagram,apar_jember,cek kelapangan apa banyak dapur MBG yg sesuai dengan SOP
18069248336655294,2026-05-15T13:23:54+00:00,20,https://www.instagram.com/reel/DYWnJzzpojp/,https://www.instagram.com/reel/DYWnJzzpojp/?comment_id=18069248336655294,scraping_instagram,mira_dewdew317,😢😢😢 harapan aku juga sama kaya mbanya semoga program MBG ini terus berlanjut karna sangat membantu  perekonomian keluarga saya 🥹terimakasih pak presiden @prabowo sudah membuka lapangan kerja terimakasih @badangizinasional.ri
18124056403736235,2026-05-15T13:16:16+00:00,0,https://www.instagram.com/reel/DYWnJzzpojp/,https://www.instagram.com/reel/DYWnJzzpojp/?comment_id=18124056403736235,scraping_instagram,nimahmaula2,Semangat kaka...👏 bnyk ko diluar sana yg ingin bergabung didapur MBG
17887784403542674,2026-05-15T13:11:55+00:00,0,https://www.instagram.com/reel/DYWnJzzpojp/,https://www.instagram.com/reel/DYWnJzzpojp/?comment_id=17887784403542674,scraping_instagram,casrudin72,Gue tunggu rupiah nyentuh 20.000..soalnya mau ngomong kasar ke sini
18112346143856917,2026-05-15T13:03:44+00:00,0,https://www.instagram.com/reel/DYWnJzzpojp/,https://www.instagram.com/reel/DYWnJzzpojp/?comment_id=18112346143856917,scraping_instagram,inijael_,semangat semua nyaaa…sehat selalu yaaa🤍
17997542549940041,2026-05-15T12:48:46+00:00,0,https://www.instagram.com/reel/DYWnJzzpojp/,https://www.instagram.com/reel/DYWnJzzpojp/?comment_id=17997542549940041,scraping_instagram,syfa.tanjany,❤️
18160872220452539,2026-05-15T12:42:40+00:00,2,https://www.instagram.com/reel/DYWnJzzpojp/,https://www.instagram.com/reel/DYWnJzzpojp/?comment_id=18160872220452539,scraping_instagram,zheelgyzack,"@badangizinasional.ri memang boleh ya dapur dilingkungan kampung kita tapi yg bekerja banyak dari luar kampung dan bawaan KA?? Jika mau detail SPPG nya nt sy dm, sy mw nya warga sekitar yg di utamakan. Mksh"
17907485937417765,2026-05-15T12:32:14+00:00,0,https://www.instagram.com/reel/DYWnJzzpojp/,https://www.instagram.com/reel/DYWnJzzpojp/?comment_id=17907485937417765,scraping_instagram,veronamanka90,Ayah nya mana?
17944902909191712,2026-05-15T12:22:51+00:00,0,https://www.instagram.com/reel/DYWnJzzpojp/,https://www.instagram.com/reel/DYWnJzzpojp/?comment_id=17944902909191712,scraping_instagram,piw123_ll,Smngttt kaka🔥❤️
18111246712848530,2026-05-15T12:21:50+00:00,0,https://www.instagram.com/reel/DYWnJzzpojp/,https://www.instagram.com/reel/DYWnJzzpojp/?comment_id=18111246712848530,scraping_instagram,kybo_88,😢
17974531704031017,2026-05-15T12:15:49+00:00,1,https://www.instagram.com/reel/DYWnJzzpojp/,https://www.instagram.com/reel/DYWnJzzpojp/?comment_id=17974531704031017,scraping_instagram,masalif1996,#makananberacungratis  @prabowo kontol
18089325371011961,2026-05-15T11:56:09+00:00,14,https://www.instagram.com/reel/DYWnJzzpojp/,https://www.instagram.com/reel/DYWnJzzpojp/?comment_id=18089325371011961,scraping_instagram,muhamad_anhar_sh,Kenapa ga sistemnya dirubah sebagai karyawan SPPG bukan relawan? Demi perlindungan pekerja dan mendapatkan penghasilan yg sesuai
18135915007532075,2026-05-15T11:54:06+00:00,0,https://www.instagram.com/reel/DYWnJzzpojp/,https://www.instagram.com/reel/DYWnJzzpojp/?comment_id=18135915007532075,scraping_instagram,manggaliputri_,❤️❤️
18183193681383605,2026-05-15T11:48:01+00:00,6,https://www.instagram.com/reel/DYWnJzzpojp/,https://www.instagram.com/reel/DYWnJzzpojp/?comment_id=18183193681383605,scraping_instagram,ingood.wetrust,"Terimakasih presiden @prabowo dan @badangizinasional.ri , tetap berkomitmen memberikan pelayanan yang berkualitas bagi anak anak bangsa 🔥🔥🔥"
17899941960433145,2026-05-15T11:46:11+00:00,0,https://www.instagram.com/reel/DYWnJzzpojp/,https://www.instagram.com/reel/DYWnJzzpojp/?comment_id=17899941960433145,scraping_instagram,indahhsrr,❤️❤️❤️
17911403667396762,2026-05-15T11:25:50+00:00,0,https://www.instagram.com/reel/DYWnJzzpojp/,https://www.instagram.com/reel/DYWnJzzpojp/?comment_id=17911403667396762,scraping_instagram,apriellyyyy,"kita samaan bgt teh, aku jg ngerasain apa yg tth rasain, doa kita buat anak pun sama 😢"
18090197477202725,2026-05-15T11:25:26+00:00,2,https://www.instagram.com/reel/DYWnJzzpojp/,https://www.instagram.com/reel/DYWnJzzpojp/?comment_id=18090197477202725,scraping_instagram,jurias1724__,Kabar korcam yg kena ToA gimana ya ???
18086728985630839,2026-05-15T11:17:03+00:00,6,https://www.instagram.com/reel/DYWnJzzpojp/,https://www.instagram.com/reel/DYWnJzzpojp/?comment_id=18086728985630839,scraping_instagram,adithia_ramadhani.098,Ga usah terlalu sukarela buat negara yg sukakorupsi
17944263360195819,2026-05-15T11:16:42+00:00,7,https://www.instagram.com/reel/DYWnJzzpojp/,https://www.instagram.com/reel/DYWnJzzpojp/?comment_id=17944263360195819,scraping_instagram,bu.gamis,amin semoga mbg bisa bertahan untuk selamanya
17896771335310320,2026-05-15T11:14:27+00:00,0,https://www.instagram.com/reel/DYWnJzzpojp/,https://www.instagram.com/reel/DYWnJzzpojp/?comment_id=17896771335310320,scraping_instagram,kerajinanrajapolah,Mending pakai uang si jadi gak akan ada yang kebuang dan gak akan ada yang keracunan
17871722112505476,2026-05-15T11:14:04+00:00,0,https://www.instagram.com/reel/DYWnJzzpojp/,https://www.instagram.com/reel/DYWnJzzpojp/?comment_id=17871722112505476,scraping_instagram,_siujang_,Salam satu pekerjaan ka semangats 🔥🙌
18081264803143391,2026-05-15T11:11:43+00:00,0,https://www.instagram.com/reel/DYWnJzzpojp/,https://www.instagram.com/reel/DYWnJzzpojp/?comment_id=18081264803143391,scraping_instagram,alvianpradytya,"Rekrutmen ugal²an, gizi gak dijaga, framing membantu padahal bisnis konglo terstruktur. Biadab!"
17947741584000145,2026-05-15T11:09:33+00:00,3,https://www.instagram.com/reel/DYWnJzzpojp/,https://www.instagram.com/reel/DYWnJzzpojp/?comment_id=17947741584000145,scraping_instagram,zaaah_0606,Pak adikku masuk sppg tapi di bola bola... Katanya masuknya tgl 26 april trus di bola lagi ke tgl 1 Mei trus di bola lagi ke tgl 17 Mei 😢
18110691952692412,2026-05-15T11:03:03+00:00,0,https://www.instagram.com/reel/DYWnJzzpojp/,https://www.instagram.com/reel/DYWnJzzpojp/?comment_id=18110691952692412,scraping_instagram,minyakbekasbandung,Jangan lupa jelanthnya kirim ke kita
18079526066430308,2026-05-15T10:48:57+00:00,0,https://www.instagram.com/reel/DYWnJzzpojp/,https://www.instagram.com/reel/DYWnJzzpojp/?comment_id=18079526066430308,scraping_instagram,ina_rochayani,Tetap Semangat🔥🔥
17889628821500316,2026-05-15T10:48:01+00:00,2,https://www.instagram.com/reel/DYWnJzzpojp/,https://www.instagram.com/reel/DYWnJzzpojp/?comment_id=17889628821500316,scraping_instagram,biyan.rizky,"Bisa ga ditelusuri sppg yg dibangun di komplek atau perumahan?? Minimal jgn mengganggu warga sekitar la kalo mau aktivitas, sudah berisik tdk ada parkiran,makan jalan umum pula"
18151001191481246,2026-05-15T10:46:56+00:00,0,https://www.instagram.com/reel/DYWnJzzpojp/,https://www.instagram.com/reel/DYWnJzzpojp/?comment_id=18151001191481246,scraping_instagram,aryazwara1,"JANGAN SEBUT RELAWAN LAH , ANJING KALIAN DI GAJI"
18076376327540105,2026-05-15T10:38:49+00:00,0,https://www.instagram.com/reel/DYWnJzzpojp/,https://www.instagram.com/reel/DYWnJzzpojp/?comment_id=18076376327540105,scraping_instagram,luckymbei2015_united1878,1 negara ancur karena program ini
18199188091357030,2026-05-15T10:31:55+00:00,0,https://www.instagram.com/reel/DYWnJzzpojp/,https://www.instagram.com/reel/DYWnJzzpojp/?comment_id=18199188091357030,scraping_instagram,setan_tertawa9911,Naikkan insentif PIC
18148534591505673,2026-05-15T10:12:08+00:00,432,https://www.instagram.com/reel/DYWnJzzpojp/,https://www.instagram.com/reel/DYWnJzzpojp/?comment_id=18148534591505673,scraping_instagram,arthur_alexander24,"1 juta orang terbantu oleh program ini, tapi ekonomi 1 negara juga ancur karena program ini"
18012838925896629,2026-05-15T09:41:36+00:00,0,https://www.instagram.com/reel/DYWnJzzpojp/,https://www.instagram.com/reel/DYWnJzzpojp/?comment_id=18012838925896629,scraping_instagram,mgifarrizki,🔥😢
17889522111490046,2026-05-15T09:32:32+00:00,0,https://www.instagram.com/reel/DYWnJzzpojp/,https://www.instagram.com/reel/DYWnJzzpojp/?comment_id=17889522111490046,scraping_instagram,nikolaus_nainggolan,🔥❤️👏🔥
18129157978599548,2026-05-15T09:32:23+00:00,0,https://www.instagram.com/reel/DYWnJzzpojp/,https://www.instagram.com/reel/DYWnJzzpojp/?comment_id=18129157978599548,scraping_instagram,bungfahmi17,🔥🔥🔥
18095402717143170,2026-05-15T09:15:14+00:00,22,https://www.instagram.com/reel/DYWnJzzpojp/,https://www.instagram.com/reel/DYWnJzzpojp/?comment_id=18095402717143170,scraping_instagram,joni.agustino,"Pak maaf, kenapa hari Sabtu anak anak gak dapat mbg, sebagian daerah kan masih melakukan KBM di hari Sabtu, mereka masa gak dapat mbg, gizi nya dari mana nantinya,.mohon arahannya"
18099395930012970,2026-05-15T09:14:00+00:00,6,https://www.instagram.com/reel/DYWnJzzpojp/,https://www.instagram.com/reel/DYWnJzzpojp/?comment_id=18099395930012970,scraping_instagram,wildannurjihan,Semangat Para Pejuang Untuk Keluarga 🙏
18147368824494865,2026-05-15T08:59:42+00:00,1,https://www.instagram.com/reel/DYWnJzzpojp/,https://www.instagram.com/reel/DYWnJzzpojp/?comment_id=18147368824494865,scraping_instagram,arifdjono,"Yg bocil dapet makan gratis, yg kerja sudah dapet makan"
